{"cameraMode":{"drawMode":0,"name":"Shaded","section":"Shading Mode"},"sceneLighting":true,"audioPlay":false,"sceneViewState":{"showFog":true,"showMaterialUpdate":false,"showSkybox":true,"showFlares":true,"showImageEffects":true,"showParticleSystems":true},"in2DMode":false,"pivot":{"x":-4.590142726898193,"y":0.08777333796024323,"z":9.932306289672852},"rotation":{"x":0.0512872189283371,"y":-0.009583603590726853,"z":0.000492702703922987,"w":0.998637855052948},"size":21.97761344909668,"orthographic":false}